Species,Host,Year,Location,Region,Haplogroup,Approx.X,Approx.Y,Description
Vdestructor,Acerana,2013,Viet Nam,Cat Ba,China C1,20.793859,106.989642,Year: 2013 Ref: Beaurepaire et al. (2015)
Vdestructor,Acerana,2001,China,"Zhuhai, Guangdong Prov",China C1,22.61401,112.63183,"Year: 2001 Ref: Navajas et al. (2010), Zhou et al. (2004)"
Vdestructor,Acerana,1996,China,Guangzhou,China C1,23.12911,113.26438,Year: 1996 Ref: Anderson and Trueman (2000)
Vdestructor,Acerana,2002,China,"Zhongshan, Guangdong Prov.",China C1,23.94609,114.69726,Year: 2002 Ref: Zhou et al. (2004)
Vdestructor,Acerana,2002,China,"Zhongshan, Guangdong",China C1,24.03474,113.07061,Year: 2002 Ref: Navajas et al. (2010)
Vdestructor,Acerana,2002,China,"Mongzi Co., Yunnan Prov.",China C2,24.28891,100.94184,Year: 2002 Ref: Zhou et al. (2004)
Vdestructor,Acerana,2002,China,"Kunming, Yunnan Prov.",China C2,25.12565,102.74318,Year: 2002 Ref: Navajas et al. (2010)
Vdestructor,Acerana,2002,China,"Dayao Co., Yunnan Prov.",China C2 & C3,25.49165,100.28198,"Year: 2002 Ref: Navajas et al. (2010), Zhou et al. (2004)"
Vdestructor,Acerana,1997,Thailand,Bangkok,Japan,13.77083,100.79417,Year: 1997 Ref: Anderson and Trueman (2000)
Vdestructor,Acerana,2005?,Japan,Yatsuhiro,Japan,32.475797,130.607262,Year: 2005? Ref: Solignac et al. (2005)
Vdestructor,Acerana,1996,Japan,Shikoku,Japan,33.74322,133.63753,Year: 1996 Ref: Navajas et al. (2010)
Vdestructor,Acerana,1994,Japan,"Honshu, Tamagawa",Japan,35.56704,139.46836,"Year: 1994 Ref: Anderson and Trueman (2000), Navajas et al. (2010)"
Vdestructor,Acerana,2004,China,Hunan Prov.,Korea,28.21266,113.01059,Year: 2004 Ref: Navajas et al. (2010)
Vdestructor,Acerana,2004,China,"Nanchang, Jiangxi Prov.",Korea,28.68289,115.85819,Year: 2004 Ref: Navajas et al. (2010)
Vdestructor,Acerana,1996,South Korea,Kwangju,Korea,35.15954,126.8526,Year: 1996 Ref: Anderson and Trueman (2000)
Vdestructor,Acerana,1996; 1997,South Korea,Suwon,Korea,37.26357,127.0286,Year: 1996; 1997 Ref: Anderson and Trueman (2000)
Vdestructor,Acerana,1998; 2005?,Japan,Machida,MixteKJ,35.54663,139.43861,"Year: 1998; 2005? Ref: Navajas et al. (2010), Solignac et al. (2005)"
Vdestructor,Acerana,1999?,Viet Nam,Moc Chau,Korea & Vietnam,20.92208,104.75209,Year: 1999? Ref: Fuchs et al. (2000) 
Vdestructor,Acerana,1997,Nepal,Katmandu,Nepal,27.71724,85.32396,Year: 1997 Ref: Anderson and Trueman (2000)
Vdestructor,Acerana,2003,Thailand,Bang Changtay,Vietnam,13.7137,100.204369,Year: 2003 Ref: Navajas et al. (2010)
Vdestructor,Acerana,1999?,Viet Nam,Vu Quang,Vietnam,18.387901,105.486822,Year: 1999? Ref: Fuchs et al. (2000) 
Vdestructor,Acerana,2003,Thailand,Chiang Mai,Vietnam,18.80596,98.95336,Year: 2003 Ref: Navajas et al. (2010)
Vdestructor,Acerana,1996,Viet Nam,"Phjong, Ninh Binh Prov.",Vietnam,20.30896,105.64215,Year: 1996 Ref: Anderson and Trueman (2000)
Vdestructor,Acerana,1996; 1999?,Viet Nam,Hanoi,Vietnam,21.00555,105.84346,"Year: 1996; 1999? Ref: Fuchs et al. (2000), Navajas et al. (2010)"
Vdestructor,Acerana,2001,China,"Xishuangbann, Yunnan Prov.",Vietnam,24.16863,103.84371,Year: 2001 Ref: Zhou et al. (2004)
Vdestructor,Acerana,2002,China,"Xishuanbanna, Yunnan Prov.",Vietnam,25.1014,102.35185,"Year: 2002 Ref: Navajas et al. (2010), Zhou et al. (2004)"
Vdestructor,Acerana,2001,Thailand,"Chiang San, Chiang Rai",Vietnam,20.2666667,100,Year: 2001 Ref: Warrit et al. (2006)
Vdestructor,Acerana,2001,Thailand,"Mae Sruy, Chiang Rai",Vietnam,19.5833333,99.46666667,Year: 2001 Ref: Warrit et al. (2006)
Vdestructor,Acerana,2001,Thailand,"Mueang, Chiang Rai",Vietnam,20,99.95,Year: 2001 Ref: Warrit et al. (2006)
Vdestructor,Acerana,2013,Vietnam,Dien Bien,Vietnam,21.23,103.01,Year: 2013 Ref: Beaurepaire et al. (2015)
Vdestructor,Acerana,2013,Vietnam,Son La,Vietnam,21.19,103.54,Year: 2013 Ref: Beaurepaire et al. (2015)
Vdestructor,Amellifera,1990; 1993,Brazil,several towns in Rio de Janeiro,Japan,-22.90684,-43.17289,Year: 1990; 1993 Ref: de Guzman et al. (1997)
Vdestructor,Amellifera,2009?; 2013-2015,Brazil,Fernando de Noronha Island,Japan,-3.847409,-32.414635,"Year: 2009?; 2013-2015 Ref: Guerra et al. (2010), Strapazzon et al. (2009), Octaviano-Salvade et al. (2017)"
Vdestructor,Amellifera,1997,Thailand,Chiang Mai,Japan,18.80596,98.95336,Year: 1997 Ref: Navajas et al. (2010)
Vdestructor,Amellifera,2002; 2005?,Taiwan,Taichung,Japan,24.15222,120.68366,"Year: 2002; 2005? Ref: Navajas et al. (2010), Solignac et al. (2005)"
Vdestructor,Amellifera,1998?,United States,"California, Santa Cruz island",Japan,34.0232,-119.76576,Year: 1998? Ref: de Guzman et al. (1999)
Vdestructor,Amellifera,2006-2009,Argentina,Santa Cruz,Korea,-51.63528,-69.24743,Year: 2006-2009 Ref: Maggi et al. (2012)
Vdestructor,Amellifera,2006-2009,Argentina,Rio Negro,Korea,-40.82614,-63.02663,Year: 2006-2009 Ref: Maggi et al. (2012)
Vdestructor,Amellifera,2006-2009,Argentina,Neuquen,Korea,-38.95167,-68.05918,Year: 2006-2009 Ref: Maggi et al. (2012)
Vdestructor,Amellifera,2005?; 2016,New Zealand,Auckland,Korea,-36.883266,174.849133,"Year: 2005?; 2016 Ref: Solignac et al. (2005), Li et al. (2018)"
Vdestructor,Amellifera,"2005?, 2006-2009",Argentina,Buenos Aires,Korea,-34.599126,-58.373067,"Year: 2005?, 2006-2009 Ref: Solignac et al. (2005), Maggi et al. (2012)"
Vdestructor,Amellifera,1998,South Africa,Stellenbosch,Korea,-33.933496,18.864089,Year: 1998 Ref: Anderson and Trueman (2000)
Vdestructor,Amellifera,2005?,Chile,Santiago,Korea,-33.449608,-70.680169,Year: 2005? Ref: Solignac et al. (2005)
Vdestructor,Amellifera,2006-2009,Argentina,Entre Rios,Korea,-31.77466,-60.49564,Year: 2006-2009 Ref: Maggi et al. (2012)
Vdestructor,Amellifera,2001,Brazil,"Estrela, Rio Grande do Sul State",Korea,-29.487,-51.95433,Year: 2001 Ref: Garrido et al. (2003)
Vdestructor,Amellifera,2009?,Brazil,"Sao Joaquim, Santa Catarina",Korea,-28.29245,-49.93758,Year: 2009? Ref: Strapazzon et al. (2009)
Vdestructor,Amellifera,2001,Brazil,"Florianopolis, Santa Catarina",Korea,-27.59486,-48.54821,Year: 2001 Ref: Garrido et al. (2003)
Vdestructor,Amellifera,2006-2009,Argentina,Corrientes,Korea,-27.46921,-58.83063,Year: 2006-2009 Ref: Maggi et al. (2012)
Vdestructor,Amellifera,2009?,Brazil,"Blumenau, Santa Catarina",Korea,-26.91657,-49.07173,Year: 2009? Ref: Strapazzon et al. (2009)
Vdestructor,Amellifera,2009?,Brazil,"Cacador, Santa Catarina",Korea,-26.77616,-51.01249,Year: 2009? Ref: Strapazzon et al. (2009)
Vdestructor,Amellifera,2009?,Brazil,"Joinville, Santa Catarina",Korea,-26.28342,-48.84522,Year: 2009? Ref: Strapazzon et al. (2009)
Vdestructor,Amellifera,2009?,Brazil,"Mafra, Santa Catarina",Korea,-26.11642,-49.8091,Year: 2009? Ref: Strapazzon et al. (2009)
Vdestructor,Amellifera,2005?,South Africa,Pretoria,Korea,-25.756353,28.231085,Year: 2005? Ref: Solignac et al. (2005)
Vdestructor,Amellifera,2014,Mauritius,Saint Pierre,Korea,-20.219379,57.532718,Year: 2014 Ref: Esnault et al. (2018)
Vdestructor,Amellifera,2011,Madagascar,"D6 Antananarivo R., Cite des Profs",Korea,-18.91,47.55,Year: 2011 Ref: Rasolofoarivao et al. (2013)
Vdestructor,Amellifera,2011,Madagascar,"D1 Manjakandriana, Betoho/Amby",Korea,-18.82,47.72,Year: 2011 Ref: Rasolofoarivao et al. (2013)
Vdestructor,Amellifera,2011,Madagascar,"D2 Anjozorobe, Masakalina",Korea,-18.34,47.88,Year: 2011 Ref: Rasolofoarivao et al. (2013)
Vdestructor,Amellifera,2011,Madagascar,D24 Rantolava region,Korea,-17.24,49.44,Year: 2011 Ref: Rasolofoarivao et al. (2013)
Vdestructor,Amellifera,1993; 1997,Indonesia,"Java, Sukabumi",Korea,-6.92387,106.93156,Year: 1993; 1997 Ref: Anderson and Fuchs (1998)
Vdestructor,Amellifera,1995,Indonesia,"Java, Pekalongan",Korea,-6.895258,109.673911,Year: 1995 Ref: Anderson and Fuchs (1998)
Vdestructor,Amellifera,2009,Tanzania,Dar es Salaam,Korea,-6.848489,39.273559,Year: 2009 Ref: Fazier et al. (2010)
Vdestructor,Amellifera,1994,Indonesia,"Java, Pati",Korea,-6.74496,111.04604,Year: 1994 Ref: Anderson and Fuchs (1998)
Vdestructor,Amellifera,1996,Indonesia,"Java, Bogor",Korea,-6.59356,106.800858,Year: 1996 Ref: Anderson and Fuchs (1998)
Vdestructor,Amellifera,2009,Tanzania,Zanzibar,Korea,-6.190072,39.214282,Year: 2009 Ref: Fazier et al. (2010)
Vdestructor,Amellifera,2009,Tanzania,Pemba,Korea,-5.418631,39.667797,Year: 2009 Ref: Fazier et al. (2010)
Vdestructor,Amellifera,2009,Tanzania,Tanga,Korea,-5.10174,39.045053,Year: 2009 Ref: Fazier et al. (2010)
Vdestructor,Amellifera,2009,Kenya,Kilifi,Korea,-3.530112,39.909432,Year: 2009 Ref: Fazier et al. (2010)
Vdestructor,Amellifera,2009,Kenya,Malindi,Korea,-3.219989,40.117309,Year: 2009 Ref: Fazier et al. (2010)
Vdestructor,Amellifera,1995,Indonesia,"Irian Jaya, Yapen island",Korea,-1.87801,136.23666,Year: 1995 Ref: Anderson and Fuchs (1998)
Vdestructor,Amellifera,2009,Kenya,Machakos,Korea,-1.520089,37.266162,Year: 2009 Ref: Fazier et al. (2010)
Vdestructor,Amellifera,2009,Kenya,Kitui,Korea,-1.374922,37.989983,Year: 2009 Ref: Fazier et al. (2010)
Vdestructor,Amellifera,1995,Indonesia,"Irian Jaya, Biak island",Korea,-1.175351,136.071908,Year: 1995 Ref: Anderson and Fuchs (1998)
Vdestructor,Amellifera,2009,Kenya,Murang'a,Korea,-0.71719,37.147944,Year: 2009 Ref: Fazier et al. (2010)
Vdestructor,Amellifera,2009,Kenya,Nyahururu,Korea,0.030718,36.364181,Year: 2009 Ref: Fazier et al. (2010)
Vdestructor,Amellifera,2009,Kenya,Meru,Korea,0.134882,37.708346,Year: 2009 Ref: Fazier et al. (2010)
Vdestructor,Amellifera,2009,Kenya,Kakamega,Korea,0.282766,34.753905,Year: 2009 Ref: Fazier et al. (2010)
Vdestructor,Amellifera,2009,Kenya,Isiolo,Korea,0.346613,37.581592,Year: 2009 Ref: Fazier et al. (2010)
Vdestructor,Amellifera,2016?,Cameroon,Ngolemakon,Korea,3.08313,11.42539,Year: 2016? Ref: Cham et al. (2017)
Vdestructor,Amellifera,2016?,Cameroon,Ngaoundere,Korea,7.33814,13.56683,Year: 2016? Ref: Cham et al. (2017)
Vdestructor,Amellifera,2017?,Benin,Dijadja,Korea,7.34611,1.936351,Year: 2017? Ref: Kelomey et al. (2017)
Vdestructor,Amellifera,2017?,Benin,Dassa,Korea,7.779256,2.191874,Year: 2017? Ref: Kelomey et al. (2017)
Vdestructor,Amellifera,2017?,Benin,Savalou,Korea,7.928325,1.971694,Year: 2017? Ref: Kelomey et al. (2017)
Vdestructor,Amellifera,2017?,Benin,Save,Korea,8.029585,2.482979,Year: 2017? Ref: Kelomey et al. (2017)
Vdestructor,Amellifera,2017?,Benin,Bante,Korea,8.409505,1.888336,Year: 2017? Ref: Kelomey et al. (2017)
Vdestructor,Amellifera,2017?,Benin,Ouesse,Korea,8.487778,2.432132,Year: 2017? Ref: Kelomey et al. (2017)
Vdestructor,Amellifera,2017?,Benin,Manigri,Korea,8.973864,1.72057,Year: 2017? Ref: Kelomey et al. (2017)
Vdestructor,Amellifera,2017?,Benin,Bassila,Korea,9.00664,1.667825,Year: 2017? Ref: Kelomey et al. (2017)
Vdestructor,Amellifera,2017?,Benin,Nagayile,Korea,9.264,1.55182,Year: 2017? Ref: Kelomey et al. (2017)
Vdestructor,Amellifera,2017?,Benin,Parakou,Korea,9.339171,2.612582,Year: 2017? Ref: Kelomey et al. (2017)
Vdestructor,Amellifera,2017?,Benin,Djougou,Korea,9.705218,1.657904,Year: 2017? Ref: Kelomey et al. (2017)
Vdestructor,Amellifera,2017?,Benin,Kopargo,Korea,9.835399,1.548101,Year: 2017? Ref: Kelomey et al. (2017)
Vdestructor,Amellifera,2017?,Benin,N'dali,Korea,9.853805,2.716938,Year: 2017? Ref: Kelomey et al. (2017)
Vdestructor,Amellifera,2017?,Benin,Biro,Korea,9.900797,2.945135,Year: 2017? Ref: Kelomey et al. (2017)
Vdestructor,Amellifera,2017?,Benin,Nikki,Korea,9.932666,3.212662,Year: 2017? Ref: Kelomey et al. (2017)
Vdestructor,Amellifera,2017?,Benin,Boukoumbe,Korea,10.180224,1.098955,Year: 2017? Ref: Kelomey et al. (2017)
Vdestructor,Amellifera,2017?,Benin,Bembereke,Korea,10.217527,2.662204,Year: 2017? Ref: Kelomey et al. (2017)
Vdestructor,Amellifera,2005?,Philippines,Cebu City,Korea,10.297433,123.896971,Year: 2005? Ref: Solignac et al. (2005)
Vdestructor,Amellifera,2017?,Benin,Sinende,Korea,10.344114,2.381844,Year: 2017? Ref: Kelomey et al. (2017)
Vdestructor,Amellifera,2017?,Benin,Beroubouay,Korea,10.533221,2.733461,Year: 2017? Ref: Kelomey et al. (2017)
Vdestructor,Amellifera,2005?,Philippines,Bico Luzon,Korea,15.657496,121.043474,Year: 2005? Ref: Solignac et al. (2005)
Vdestructor,Amellifera,2005?,Mexico,Mexico A,Korea,19.320434,-99.185686,Year: 2005? Ref: Solignac et al. (2005)
Vdestructor,Amellifera,1999?,Viet Nam,Moc Chau,Korea,20.92208,104.75209,Year: 1999? Ref: Fuchs et al. (2000) 
Vdestructor,Amellifera,1999?,Viet Nam,Hanoi,Korea,21.00555,105.84346,Year: 1999? Ref: Fuchs et al. (2000) 
Vdestructor,Amellifera,1996,Vietnam,Hanoi,Korea,21.00555,105.84346,Year: 1996 Ref: Navajas et al. (2010)
Vdestructor,Amellifera,2001,China,"Xishuangbann, Yunnan Prov.",Korea,23.0652,100.6207,Year: 2001 Ref: Zhou et al. (2004)
Vdestructor,Amellifera,2002,China,"Mongzi Co., Yunnan Prov.",Korea,23.39207,103.36542,Year: 2002 Ref: Zhou et al. (2004)
Vdestructor,Amellifera,2001,China,"Zhongshan, Guangdong Prov.",Korea,24.03474,113.07061,Year: 2001 Ref: Zhou et al. (2004)
Vdestructor,Amellifera,2002,China,"Xishuanbanna, Yunnan Prov.",Korea,25.1014,102.35185,Year: 2002 Ref: Navajas et al. (2010)
Vdestructor,Amellifera,2015-2016,Iran,Chabahar,Korea,25.29687,60.64592,Year: 2015-2016 Ref: Farjamfar et al. (2018)
Vdestructor,Amellifera,2001,China,"Fuzhou, Nanjing Co., Fujian Prov.",Korea,26.65246,118.32837,Year: 2001 Ref: Zhou et al. (2004)
Vdestructor,Amellifera,2001,China,"Guiyang, Guizhou Prov.",Korea,27.19536,107.46825,Year: 2001 Ref: Zhou et al. (2004)
Vdestructor,Amellifera,2015-2016,Iran,Dalgan,Korea,27.5088,59.333,Year: 2015-2016 Ref: Farjamfar et al. (2018)
Vdestructor,Amellifera,2006-2007,Spain,"El Hierro, Canary island",Korea,27.72549,-18.0243,Year: 2006-2007 Ref: Munoz et al. (2008)
Vdestructor,Amellifera,2002,China,"Yuanjiang, Hunan Prov.",Korea,27.94781,112.39087,Year: 2002 Ref: Zhou et al. (2004)
Vdestructor,Amellifera,2001,China,"Ji’an Co., Jiangxi Prov.",Korea,28.48153,116.45835,Year: 2001 Ref: Zhou et al. (2004)
Vdestructor,Amellifera,2004,China,"Nanchang, Jiangxi Prov.",Korea,28.68289,115.85819,Year: 2004 Ref: Navajas et al. (2010)
Vdestructor,Amellifera,2015-2016,Iran,Zahedan,Korea,29.45192,60.88419,Year: 2015-2016 Ref: Farjamfar et al. (2018)
Vdestructor,Amellifera,2001,China,"Hangzhou, Yiwu, Dongyang Co.,  Zhejiang Prov.",Korea,29.54437,120.34273,Year: 2001 Ref: Zhou et al. (2004)
Vdestructor,Amellifera,1994-1996; 1998?,United States,Louisiana,Korea,30.379489,-91.166622,"Year: 1994-1996; 1998? Ref: de Guzman et al. (1997,1999)"
Vdestructor,Amellifera,2001,China,"Mianzhu Co., Sichuan Prov.",Korea,31.33807,104.22073,Year: 2001 Ref: Zhou et al. (2004)
Vdestructor,Amellifera,2005?,Israel,Bet Degan,Korea,32.00178,34.8297,Year: 2005? Ref: Solignac et al. (2005)
Vdestructor,Amellifera,2015-2016,Iran,Shahreza,Korea,32.0081,51.86283,Year: 2015-2016 Ref: Farjamfar et al. (2018)
Vdestructor,Amellifera,2001,China,"Huangshan, Anhui Prov.",Korea,32.23438,117.09983,Year: 2001 Ref: Zhou et al. (2004)
Vdestructor,Amellifera,2005?,Japan,Yatsuhiro,Korea,32.475797,130.607262,Year: 2005? Ref: Solignac et al. (2005)
Vdestructor,Amellifera,2015-2016,Iran,Sepahan,Korea,32.55282,51.66762,Year: 2015-2016 Ref: Farjamfar et al. (2018)
Vdestructor,Amellifera,2015-2016,Iran,Najafabad,Korea,32.63242,51.36799,Year: 2015-2016 Ref: Farjamfar et al. (2018)
Vdestructor,Amellifera,2015-2016,Iran,Birjand,Korea,32.8649,59.22624,Year: 2015-2016 Ref: Farjamfar et al. (2018)
Vdestructor,Amellifera,2015-2016,Iran,Khansar,Korea,33.28116,50.31722,Year: 2015-2016 Ref: Farjamfar et al. (2018)
Vdestructor,Amellifera,2001,China,"Nanjin, Xuzhou, Liuhe Co., Jiangsu  Prov.",Korea,33.661,119.62975,Year: 2001 Ref: Zhou et al. (2004)
Vdestructor,Amellifera,2015-2016,Iran,Sanandaj,Korea,35.32187,46.98616,Year: 2015-2016 Ref: Farjamfar et al. (2018)
Vdestructor,Amellifera,2005?,Japan,Yokohama,Korea,35.474602,139.588154,Year: 2005? Ref: Solignac et al. (2005)
Vdestructor,Amellifera,2015-2016,Iran,Marivan,Korea,35.52109,46.17568,Year: 2015-2016 Ref: Farjamfar et al. (2018)
Vdestructor,Amellifera,2015-2016,Iran,Shahr-e-rey,Korea,35.57704,51.46246,Year: 2015-2016 Ref: Farjamfar et al. (2018)
Vdestructor,Amellifera,2015-2016,Iran,Shahriar,Korea,35.67067,51.02275,Year: 2015-2016 Ref: Farjamfar et al. (2018)
Vdestructor,Amellifera,2015-2016,Iran,Eshtehard,Korea,35.72438,50.36617,Year: 2015-2016 Ref: Farjamfar et al. (2018)
Vdestructor,Amellifera,2015-2016,Iran,Divandarreh,Korea,35.91365,47.02668,Year: 2015-2016 Ref: Farjamfar et al. (2018)
Vdestructor,Amellifera,2015-2016,Iran,Hashtgerd,Korea,35.96137,50.68456,Year: 2015-2016 Ref: Farjamfar et al. (2018)
Vdestructor,Amellifera,2015-2016,Iran,Taleghan,Korea,36.17482,50.76504,Year: 2015-2016 Ref: Farjamfar et al. (2018)
Vdestructor,Amellifera,2015-2016,Iran,Neyshabur,Korea,36.21408,58.79609,Year: 2015-2016 Ref: Farjamfar et al. (2018)
Vdestructor,Amellifera,2015-2016,Iran,Mashhad,Korea,36.26046,59.61675,Year: 2015-2016 Ref: Farjamfar et al. (2018)
Vdestructor,Amellifera,2006-2007,Spain,Cádiz,Korea,36.52706,-6.28859,Year: 2006-2007 Ref: Munoz et al. (2008)
Vdestructor,Amellifera,2015-2016,Iran,Sari,Korea,36.56587,53.05863,Year: 2015-2016 Ref: Farjamfar et al. (2018)
Vdestructor,Amellifera,2006-2007,Spain,Málaga,Korea,36.72127,-4.42139,Year: 2006-2007 Ref: Munoz et al. (2008)
Vdestructor,Amellifera,2006-2007,Spain,Almería,Korea,36.83404,-2.46371,Year: 2006-2007 Ref: Munoz et al. (2008)
Vdestructor,Amellifera,2015-2016,Iran,Kelachay,Korea,37.07745,50.39723,Year: 2015-2016 Ref: Farjamfar et al. (2018)
Vdestructor,Amellifera,2015-2016,Iran,Rudsar,Korea,37.13784,50.28361,Year: 2015-2016 Ref: Farjamfar et al. (2018)
Vdestructor,Amellifera,2006-2007,Spain,Granada,Korea,37.17733,-3.59855,Year: 2006-2007 Ref: Munoz et al. (2008)
Vdestructor,Amellifera,2006-2007,Spain,Huelva,Korea,37.26142,-6.94472,Year: 2006-2007 Ref: Munoz et al. (2008)
Vdestructor,Amellifera,2014-2015,Turkey,"Aydin region, Didim",Korea,37.367115,27.272112,Year: 2014-2015 Ref: Ayan and Aldemir (2018)
Vdestructor,Amellifera,2006-2007,Spain,Seville,Korea,37.38909,-5.98445,Year: 2006-2007 Ref: Munoz et al. (2008)
Vdestructor,Amellifera,2015-2016,Iran,Shirvan,Korea,37.40923,57.92761,Year: 2015-2016 Ref: Farjamfar et al. (2018)
Vdestructor,Amellifera,1996,Korea,Seoul,Korea,37.459608,126.948541,Year: 1996 Ref: Navajas et al. (2010)
Vdestructor,Amellifera,2015-2016,Iran,Bojnourd,Korea,37.4702,57.31433,Year: 2015-2016 Ref: Farjamfar et al. (2018)
Vdestructor,Amellifera,2014-2015,Turkey,"Aydin region, Karpuzlu",Korea,37.559496,27.835085,Year: 2014-2015 Ref: Ayan and Aldemir (2018)
Vdestructor,Amellifera,2014-2015,Turkey,"Aydin region, Çine",Korea,37.615227,28.060304,Year: 2014-2015 Ref: Ayan and Aldemir (2018)
Vdestructor,Amellifera,2015-2016,Iran,Khalkhal,Korea,37.62054,48.53302,Year: 2015-2016 Ref: Farjamfar et al. (2018)
Vdestructor,Amellifera,2001,China,"Yuci, Shanxi Prov.",Korea,37.66302,111.65369,Year: 2001 Ref: Zhou et al. (2004)
Vdestructor,Amellifera,2014-2015,Turkey,"Aydin region, Bozdo?an",Korea,37.672009,28.317311,Year: 2014-2015 Ref: Ayan and Aldemir (2018)
Vdestructor,Amellifera,2014-2015,Turkey,"Aydin region, Karacasu",Korea,37.725959,28.605874,Year: 2014-2015 Ref: Ayan and Aldemir (2018)
Vdestructor,Amellifera,2014-2015,Turkey,"Aydin region, Söke",Korea,37.749581,27.402066,Year: 2014-2015 Ref: Ayan and Aldemir (2018)
Vdestructor,Amellifera,2006-2007,Spain,Jaén,Korea,37.77959,-3.7849,Year: 2006-2007 Ref: Munoz et al. (2008)
Vdestructor,Amellifera,2015-2016,Iran,Talesh,Korea,37.80165,48.90713,Year: 2015-2016 Ref: Farjamfar et al. (2018)
Vdestructor,Amellifera,2014-2015,Turkey,"Aydin region, Yenipazar",Korea,37.824305,28.196727,Year: 2014-2015 Ref: Ayan and Aldemir (2018)
Vdestructor,Amellifera,2014-2015,Turkey,"Aydin region, Merkez",Korea,37.824322,27.819965,Year: 2014-2015 Ref: Ayan and Aldemir (2018)
Vdestructor,Amellifera,2014-2015,Turkey,"Aydin region, ?ncirliova",Korea,37.851846,27.723867,Year: 2014-2015 Ref: Ayan and Aldemir (2018)
Vdestructor,Amellifera,2014-2015,Turkey,"Aydin region, Kö?k",Korea,37.855161,28.051425,Year: 2014-2015 Ref: Ayan and Aldemir (2018)
Vdestructor,Amellifera,2014-2015,Turkey,"Aydin region, Ku?adas?",Korea,37.859898,27.251929,Year: 2014-2015 Ref: Ayan and Aldemir (2018)
Vdestructor,Amellifera,2014-2015,Turkey,"Aydin region, Germencik",Korea,37.867832,27.600583,Year: 2014-2015 Ref: Ayan and Aldemir (2018)
Vdestructor,Amellifera,2014-2015,Turkey,"Aydin region, Sultanhisar",Korea,37.88767,28.151353,Year: 2014-2015 Ref: Ayan and Aldemir (2018)
Vdestructor,Amellifera,2006-2007,Spain,Córdoba,Korea,37.88817,-4.77938,Year: 2006-2007 Ref: Munoz et al. (2008)
Vdestructor,Amellifera,2014-2015,Turkey,"Aydin region, Nazilli",Korea,37.910109,28.335609,Year: 2014-2015 Ref: Ayan and Aldemir (2018)
Vdestructor,Amellifera,2014-2015,Turkey,"Aydin region, Kuyucak",Korea,37.912168,28.460436,Year: 2014-2015 Ref: Ayan and Aldemir (2018)
Vdestructor,Amellifera,2017?,Turkey,Pervari,Korea,37.93264,42.5476,Year: 2017? Ref: Ayan et al. (2017)
Vdestructor,Amellifera,2014-2015,Turkey,"Aydin region, Pa?ayaylas?",Korea,37.947059,27.89127,Year: 2014-2015 Ref: Ayan and Aldemir (2018)
Vdestructor,Amellifera,2014-2015,Turkey,"Aydin region, Buharken",Korea,37.963088,28.742764,Year: 2014-2015 Ref: Ayan and Aldemir (2018)
Vdestructor,Amellifera,2006-2007,Spain,Murcia,Korea,37.99223,-1.13065,Year: 2006-2007 Ref: Munoz et al. (2008)
Vdestructor,Amellifera,2017?,Turkey,?irvan,Korea,38.09677,42.13438,Year: 2017? Ref: Ayan et al. (2017)
Vdestructor,Amellifera,2015-2016,Iran,Sabalan,Korea,38.266946,47.836808,Year: 2015-2016 Ref: Farjamfar et al. (2018)
Vdestructor,Amellifera,2001,China,"Gangu Co., Gansu Prov.",Korea,38.29259,102.12454,Year: 2001 Ref: Zhou et al. (2004)
Vdestructor,Amellifera,2015-2016,Iran,Astara,Korea,38.42245,48.86871,Year: 2015-2016 Ref: Farjamfar et al. (2018)
Vdestructor,Amellifera,2015-2016,Iran,Namin,Korea,38.42445,48.47824,Year: 2015-2016 Ref: Farjamfar et al. (2018)
Vdestructor,Amellifera,2006-2007,Spain,Badajoz,Korea,38.87944,-6.97065,Year: 2006-2007 Ref: Munoz et al. (2008)
Vdestructor,Amellifera,2006-2007,Spain,Albacete,Korea,38.99434,-1.85854,Year: 2006-2007 Ref: Munoz et al. (2008)
Vdestructor,Amellifera,1998?,United States,Maryland,Korea,39.020201,-76.909299,Year: 1998? Ref: de Guzman et al. (1999)
Vdestructor,Amellifera,2006-2007,Spain,València,Korea,39.4699,-0.37628,Year: 2006-2007 Ref: Munoz et al. (2008)
Vdestructor,Amellifera,2006-2007,Spain,Cáceres,Korea,39.47527,-6.37242,Year: 2006-2007 Ref: Munoz et al. (2008)
Vdestructor,Amellifera,2006-2007,Spain,Balearic Islands,Korea,39.61146,2.94016,Year: 2006-2007 Ref: Munoz et al. (2008)
Vdestructor,Amellifera,2006-2007,Spain,Toledo,Korea,39.86283,-4.02732,Year: 2006-2007 Ref: Munoz et al. (2008)
Vdestructor,Amellifera,2005?,China,Beijing,Korea,39.871519,116.479476,Year: 2005? Ref: Solignac et al. (2005)
Vdestructor,Amellifera,2006-2007,Spain,Cuenca,Korea,40.07039,-2.13741,Year: 2006-2007 Ref: Munoz et al. (2008)
Vdestructor,Amellifera,2005?,United States,Pennsylvannia,Korea,40.077732,-75.187411,Year: 2005? Ref: Solignac et al. (2005)
Vdestructor,Amellifera,2004?,Turkey,Bayburt,Korea,40.26032,40.22804,Year: 2004? Ref: Warrit et al. (2004)
Vdestructor,Amellifera,2000,China,"Institute of Apic Res., Beijing",Korea,40.31239,116.29369,Year: 2000 Ref: Zhou et al. (2004)
Vdestructor,Amellifera,2006-2007,Spain,Madrid,Korea,40.41677,-3.70379,Year: 2006-2007 Ref: Munoz et al. (2008)
Vdestructor,Amellifera,2006-2007,Spain,Ávila,Korea,40.65668,-4.6812,Year: 2006-2007 Ref: Munoz et al. (2008)
Vdestructor,Amellifera,2004?,Turkey,Kurtun-Gumushane,Korea,40.70199,39.08543,Year: 2004? Ref: Warrit et al. (2004)
Vdestructor,Amellifera,2004?,Turkey,Yokusdibi-Ordu,Korea,40.76574,37.92911,Year: 2004? Ref: Warrit et al. (2004)
Vdestructor,Amellifera,2006-2007,Spain,Segovia,Korea,40.9429,-4.1088,Year: 2006-2007 Ref: Munoz et al. (2008)
Vdestructor,Amellifera,2006-2007,Spain,Salamanca,Korea,40.9701,-5.66353,Year: 2006-2007 Ref: Munoz et al. (2008)
Vdestructor,Amellifera,2004?,Turkey,Anzer-Rize,Korea,41.02647,40.51556,Year: 2004? Ref: Warrit et al. (2004)
Vdestructor,Amellifera,2004?,Turkey,Eregli,Korea,41.29153,31.55883,Year: 2004? Ref: Warrit et al. (2004)
Vdestructor,Amellifera,2004?,Turkey,Inebolu-Kastamonu,Korea,41.37158,33.75966,Year: 2004? Ref: Warrit et al. (2004)
Vdestructor,Amellifera,2006-2007,Spain,Zamora,Korea,41.50347,-5.74678,Year: 2006-2007 Ref: Munoz et al. (2008)
Vdestructor,Amellifera,2004?,Turkey,Bafra-Samsun,Korea,41.56195,35.90568,Year: 2004? Ref: Warrit et al. (2004)
Vdestructor,Amellifera,2006-2007,Spain,Zaragoza,Korea,41.64882,-0.88908,Year: 2006-2007 Ref: Munoz et al. (2008)
Vdestructor,Amellifera,2006-2007,Spain,Valladolid,Korea,41.65225,-4.72453,Year: 2006-2007 Ref: Munoz et al. (2008)
Vdestructor,Amellifera,2006-2007,Spain,Soria,Korea,41.76659,-2.47903,Year: 2006-2007 Ref: Munoz et al. (2008)
Vdestructor,Amellifera,2004?,Turkey,Erfelek-Sinop,Korea,41.87957,34.90854,Year: 2004? Ref: Warrit et al. (2004)
Vdestructor,Amellifera,2006-2007,Spain,Palencia,Korea,42.00968,-4.5288,Year: 2006-2007 Ref: Munoz et al. (2008)
Vdestructor,Amellifera,2006-2007,Spain,Huesca,Korea,42.13184,-0.4078,Year: 2006-2007 Ref: Munoz et al. (2008)
Vdestructor,Amellifera,2006-2007,Spain,La Rioja,Korea,42.28707,-2.5396,Year: 2006-2007 Ref: Munoz et al. (2008)
Vdestructor,Amellifera,2006-2007,Spain,Ourense,Korea,42.33578,-7.86388,Year: 2006-2007 Ref: Munoz et al. (2008)
Vdestructor,Amellifera,2006-2007,Spain,Burgos,Korea,42.34399,-3.6969,Year: 2006-2007 Ref: Munoz et al. (2008)
Vdestructor,Amellifera,2006-2007,Spain,Pontevedra,Korea,42.42988,-8.64462,Year: 2006-2007 Ref: Munoz et al. (2008)
Vdestructor,Amellifera,2006-2007,Spain,León,Korea,42.59872,-5.56709,Year: 2006-2007 Ref: Munoz et al. (2008)
Vdestructor,Amellifera,2006-2007,Spain,Navarre,Korea,42.69539,-1.67606,Year: 2006-2007 Ref: Munoz et al. (2008)
Vdestructor,Amellifera,2000-2001,China,"Fengman, Lishu Co., Changchun, Jilin  Prov.",Korea,42.89776,128.14283,Year: 2000-2001 Ref: Zhou et al. (2004)
Vdestructor,Amellifera,2006-2007,Spain,Álava,Korea,42.90999,-2.69838,Year: 2006-2007 Ref: Munoz et al. (2008)
Vdestructor,Amellifera,2006-2007,Spain,Lugo,Korea,43.00973,-7.55675,Year: 2006-2007 Ref: Munoz et al. (2008)
Vdestructor,Amellifera,1998?,United States,Wisconsin,Korea,43.081124,-89.533452,Year: 1998? Ref: de Guzman et al. (1999)
Vdestructor,Amellifera,1994-1996,United States,"Wisconsin, Madison",Korea,43.081124,-89.533452,Year: 1994-1996 Ref: de Guzman et al. (1997)
Vdestructor,Amellifera,1995,Russia,Primorsky territory,Korea,43.1198,131.88692,"Year: 1995 Ref: de Guzman et al. (1997), Anderson and Trueman (2000), Navajas et al. (2010)"
Vdestructor,Amellifera,2006-2007,Spain,Cantabria,Korea,43.18283,-3.98784,Year: 2006-2007 Ref: Munoz et al. (2008)
Vdestructor,Amellifera,2006-2007,Spain,Asturias,Korea,43.36139,-5.85932,Year: 2006-2007 Ref: Munoz et al. (2008)
Vdestructor,Amellifera,2006-2007,Spain,A Coruña,Korea,43.36234,-8.41154,Year: 2006-2007 Ref: Munoz et al. (2008)
Vdestructor,Amellifera,1994-1996,United States,"Iowa, Cresco",Korea,43.369671,-92.126708,Year: 1994-1996 Ref: de Guzman et al. (1997)
Vdestructor,Amellifera,2000,China,"Chifeng, Inner Mongolia",Korea,43.50547,121.64639,Year: 2000 Ref: Zhou et al. (2004)
Vdestructor,Amellifera,2002,China,Xinjiang Autonomous Region.,Korea,43.78345,87.61304,Year: 2002 Ref: Zhou et al. (2004)
Vdestructor,Amellifera,2005?,France,Avignon,Korea,43.914616,4.87819,Year: 2005? Ref: Solignac et al. (2005)
Vdestructor,Amellifera,2002,France,INRA Zoology at Avignon,Korea,43.91532,4.878364,Year: 2002 Ref: Navajas et al. (2002)
Vdestructor,Amellifera,2005?,France,Cevennes,Korea,44.26415,3.7122,Year: 2005? Ref: Solignac et al. (2005)
Vdestructor,Amellifera,1998?,United States,Oregon,Korea,44.564678,-123.280267,Year: 1998? Ref: de Guzman et al. (1999)
Vdestructor,Amellifera,2005?,France,Ardeche,Korea,44.635608,4.259207,Year: 2005? Ref: Solignac et al. (2005)
Vdestructor,Amellifera,1998?,United States,Minnesota,Korea,44.9537,-93.08995,Year: 1998? Ref: de Guzman et al. (1999)
Vdestructor,Amellifera,1994-1996,United States,"Minnesota, St Paul",Korea,44.9537,-93.08995,Year: 1994-1996 Ref: de Guzman et al. (1997)
Vdestructor,Amellifera,2005?,France,Charente,Korea,45.636678,0.140221,Year: 2005? Ref: Solignac et al. (2005)
Vdestructor,Amellifera,2001,China,Heilongjiang Prov.,Korea,46.46743,131.72395,Year: 2001 Ref: Zhou et al. (2004)
Vdestructor,Amellifera,2005?,France,Sarthe,Korea,47.9217,0.16558,Year: 2005? Ref: Solignac et al. (2005)
Vdestructor,Amellifera,2005?,France,Alsace,Korea,48.31817,7.44162,Year: 2005? Ref: Solignac et al. (2005)
Vdestructor,Amellifera,2005?,France,Orne,Korea,48.63885,0.08482,Year: 2005? Ref: Solignac et al. (2005)
Vdestructor,Amellifera,2001,Germany,Hohenheim University Campus,Korea,48.711556,9.21095,Year: 2001 Ref: Garrido et al. (2003)
Vdestructor,Amellifera,1998?,Canada,British Columbia,Korea,49.260199,-123.245964,Year: 1998? Ref: de Guzman et al. (1999)
Vdestructor,Amellifera,1996,Germany,Oberursel,Korea,50.217636,8.548381,"Year: 1996 Ref: de Guzman et al. (1997), Anderson and Fuchs (1998), Anderson and Trueman (2000)"
Vdestructor,Amellifera,2005?,Poland,Varsovie,Korea,52.240175,21.01785,Year: 2005? Ref: Solignac et al. (2005)
Vdestructor,Amellifera,2005?,England,Sheffield,Korea,53.380768,-1.487421,Year: 2005? Ref: Solignac et al. (2005)
Vdestructor,Amellifera,1997,United Kingdom,York,Korea,53.944947,-1.056106,Year: 1997 Ref: Anderson and Trueman (2000)
Vdestructor,Amellifera,2005?,Scotland,Lockerbie,Korea,55.128675,-3.358945,Year: 2005? Ref: Solignac et al. (2005)
Vdestructor,Amellifera,2016?,Cameroon,Azom,Korea,3.67631,11.45515,Year: 2016? Ref: Cham et al. (2017)
Vdestructor,Amellifera,2016?,Cameroon,Bamenda-Nkwe,Korea,5.93303,10.2083,Year: 2016? Ref: Cham et al. (2017)
Vdestructor,Amellifera,2016?,Cameroon,Bamenyam,Korea,5.77412,10.31653,Year: 2016? Ref: Cham et al. (2017)
Vdestructor,Amellifera,2016?,Cameroon,Batouri,Korea,4.42582,14.35288,Year: 2016? Ref: Cham et al. (2017)
Vdestructor,Amellifera,2016?,Cameroon,Belo,Korea,6.18002,10.33402,Year: 2016? Ref: Cham et al. (2017)
Vdestructor,Amellifera,2016?,Cameroon,Bertoua1,Korea,4.58325,13.68123,Year: 2016? Ref: Cham et al. (2017)
Vdestructor,Amellifera,2016?,Cameroon,Bertoua2,Korea,4.56307,13.7018,Year: 2016? Ref: Cham et al. (2017)
Vdestructor,Amellifera,2016?,Cameroon,Bomaka,Korea,4.14539,9.31357,Year: 2016? Ref: Cham et al. (2017)
Vdestructor,Amellifera,2016?,Cameroon,Buea,Korea,4.15185,9.29668,Year: 2016? Ref: Cham et al. (2017)
Vdestructor,Amellifera,2016?,Cameroon,Ekuijua,Korea,6.33059,10.29085,Year: 2016? Ref: Cham et al. (2017)
Vdestructor,Amellifera,2016?,Cameroon,Kaigama,Korea,4.4583,13.62112,Year: 2016? Ref: Cham et al. (2017)
Vdestructor,Amellifera,2016?,Cameroon,Kumbo,Korea,6.20112,10.69774,Year: 2016? Ref: Cham et al. (2017)
Vdestructor,Amellifera,2016?,Cameroon,Kumbo1,Korea,6.2232,10.68106,Year: 2016? Ref: Cham et al. (2017)
Vdestructor,Amellifera,2016?,Cameroon,Kumbo2,Korea,6.20772,10.69884,Year: 2016? Ref: Cham et al. (2017)
Vdestructor,Amellifera,2016?,Cameroon,Laikom,Korea,6.28586,10.34344,Year: 2016? Ref: Cham et al. (2017)
Vdestructor,Amellifera,2016?,Cameroon,Meveo,Korea,4.11218,9.23868,Year: 2016? Ref: Cham et al. (2017)
Vdestructor,Amellifera,2016?,Cameroon,Njinikijim,Korea,6.1576,10.34155,Year: 2016? Ref: Cham et al. (2017)
Vdestructor,Amellifera,2016?,Cameroon,Oku,Korea,6.24181,10.5317,Year: 2016? Ref: Cham et al. (2017)
Vdestructor,Amellifera,2016?,Cameroon,Tombel1,Korea,4.74998,9.66188,Year: 2016? Ref: Cham et al. (2017)
Vdestructor,Amellifera,2016?,Cameroon,Tombel2,Korea,4.75303,9.67373,Year: 2016? Ref: Cham et al. (2017)
Vdestructor,Amellifera,1999-2001,Greece,Thessaloniki,Korea,40.62,22.95333333,Year: 1999-2001 Ref: Kokkinis and Liakos (2004)
Vdestructor,Amellifera,2009,Kenya,Mwingi,Korea,-0.8150278,38.32688889,Year: 2009 Ref: Fazier et al. (2010)
Vdestructor,Amellifera,2009,Kenya,Nairobi,Korea,-1.2243611,36.89744444,Year: 2009 Ref: Fazier et al. (2010)
Vdestructor,Amellifera,2015,Philippines,Lipa city,Korea,13.56,121.09,Year: 2015 Ref: Beaurepaire et al. (2015)
Vdestructor,Amellifera,2013,Saudi Arabia,Abha,Korea,18.2166667,42.5,Year: 2013 Ref: Alattal et al. (2015)
Vdestructor,Amellifera,2013,Saudi Arabia,AlBahah,Korea,20,41.45,Year: 2013 Ref: Alattal et al. (2015)
Vdestructor,Amellifera,2013,Saudi Arabia,Al-Hasa,Korea,25.4166667,49.61666667,Year: 2013 Ref: Alattal et al. (2015)
Vdestructor,Amellifera,2013,Saudi Arabia,Jazan,Korea,16.8833333,42.55,Year: 2013 Ref: Alattal et al. (2015)
Vdestructor,Amellifera,2013,Saudi Arabia,Najran,Korea,17.4833333,44.11666667,Year: 2013 Ref: Alattal et al. (2015)
Vdestructor,Amellifera,2013,Saudi Arabia,Riyadh,Korea,25.05,47.18333333,Year: 2013 Ref: Alattal et al. (2015)
Vdestructor,Amellifera,2013,Saudi Arabia,Tabuk,Korea,28.3833333,36.56666667,Year: 2013 Ref: Alattal et al. (2015)
Vdestructor,Amellifera,2013,Saudi Arabia,Taif,Korea,21.2666667,40.41666667,Year: 2013 Ref: Alattal et al. (2015)
Vdestructor,Amellifera,2011,Serbia,Belgrade,Korea,44.8186111,20.46805556,Year: 2011 Ref: Gajic et al. (2013)
Vdestructor,Amellifera,2011,Serbia,Boljevac,Korea,43.8302778,21.95305556,Year: 2011 Ref: Gajic et al. (2013)
Vdestructor,Amellifera,2000,Serbia,Bor,Korea,44.0783333,22.09527778,Year: 2000 Ref: Gajic et al. (2013)
Vdestructor,Amellifera,2011,Serbia,Palic,Korea,46.1088889,19.76722222,Year: 2011 Ref: Gajic et al. (2013)
Vdestructor,Amellifera,2011,Serbia,Saprance,Korea,42.3891667,22.00472222,Year: 2011 Ref: Gajic et al. (2013)
Vdestructor,Amellifera,2011,Serbia,Saprance,Korea,42.3891667,22.00472222,Year: 2011 Ref: Gajic et al. (2013)
Vdestructor,Amellifera,2011,Serbia,Suivi Do,Korea,43.0452778,20.12083333,Year: 2011 Ref: Gajic et al. (2013)
Vdestructor,Amellifera,1992,Serbia,Vrbica,Korea,44.2877778,20.58388889,Year: 1992 Ref: Gajic et al. (2013)
Vdestructor,Amellifera,2001,Serbia,Zajecar,Korea,43.9041667,22.28472222,Year: 2001 Ref: Gajic et al. (2013)
Vdestructor,Amellifera,2011,Serbia,Zlatibor,Korea,43.7233333,19.70416667,Year: 2011 Ref: Gajic et al. (2013)
Vdestructor,Amellifera,2014,Syria,"Al-Qunaitra, Shura",Korea,33.2604,36.0324,Year: 2014 Ref: Elbeaino et al. (2016)
Vdestructor,Amellifera,2014,Syria,"Damascus, Abou Jarash",Korea,33.5412,36.3204,Year: 2014 Ref: Elbeaino et al. (2016)
Vdestructor,Amellifera,2014,Syria,"Rural Damascus, Al-Tall",Korea,33.5916,36.83480278,Year: 2014 Ref: Elbeaino et al. (2016)
Vdestructor,Amellifera,2014,Syria,"Tartous, Amrit",Korea,34.8372,35.911,Year: 2014 Ref: Elbeaino et al. (2016)
Vdestructor,Amellifera,2016?,Thailand,Chiang Mai,Korea,18.8036111,98.95611111,Year: 2016? Ref: Page et al. (2016)
Vdestructor,Amellifera,2013,Vietnam,Dien Bien,Korea,21.23,103.01,Year: 2013 Ref: Beaurepaire et al. (2015)
Vdestructor,Amellifera,2013,Vietnam,Son La,Korea,21.19,103.54,Year: 2013 Ref: Beaurepaire et al. (2015)
Vdestructor,Amellifera,2005?,Chile,La Union,MixteKJ,-40.295596,-73.080017,Year: 2005? Ref: Solignac et al. (2005)
Vdestructor,Amellifera,2005?,Chile,Futrono,MixteKJ,-40.12454,-72.38084,Year: 2005? Ref: Solignac et al. (2005)
Vdestructor,Amellifera,2005?,Chile,Vladivia 2,MixteKJ,-39.81565,-73.247284,Year: 2005? Ref: Solignac et al. (2005)
Vdestructor,Amellifera,1989; 1993; 1997,Brazil,"Sao, Paulo",MixteKJ,-23.561864,-46.73233,Year: 1989; 1993; 1997 Ref: Anderson and Trueman (2000)
Vdestructor,Amellifera,1996; 2001,Brazil,"Ribeirão Preto, Sao Paulo State",MixteKJ,-21.1704,-47.81032,Year: 1996; 2001 Ref: Garrido et al. (2003)
Vdestructor,Amellifera,2005?,French guyana,Sinnamary,MixteKJ,5.37467,-52.95459,Year: 2005? Ref: Solignac et al. (2005)
Vdestructor,Amellifera,1994-1996; 1998?,United States,Florida,MixteKJ,29.635233,-82.359767,"Year: 1994-1996; 1998? Ref: de Guzman et al. (1997,1999)"
Vdestructor,Amellifera,1998?,United States,Texas,MixteKJ,31.055935,-97.348384,Year: 1998? Ref: de Guzman et al. (1999)
Vdestructor,Amellifera,1998?,United States,Arizona,MixteKJ,32.275281,-110.94209,Year: 1998? Ref: de Guzman et al. (1999)
Vdestructor,Amellifera,1998?,United States,Georgia,MixteKJ,33.420841,-90.909645,Year: 1998? Ref: de Guzman et al. (1999)
Vdestructor,Amellifera,2005?,Japan,Machida,MixteKJ,35.54663,139.43861,Year: 2005? Ref: Solignac et al. (2005)
Vdestructor,Amellifera,1996; 2000; 2005?,Japan,Tokyo,MixteKJ,35.7197,139.73742,"Year: 1996; 2000; 2005? Ref: Navajas et al. (2010), Solignac et al. (2005)"
Vdestructor,Amellifera,2005?,Japan,Noda,MixteKJ,35.917735,139.90985,Year: 2005? Ref: Solignac et al. (2005)
Vdestructor,Amellifera,1998?,United States,Virginia,MixteKJ,37.022965,-76.343705,Year: 1998? Ref: de Guzman et al. (1999)
Vdestructor,Amellifera,2005?,United States,Boulder Creek CA,MixteKJ,37.12413,-122.12277,Year: 2005? Ref: Solignac et al. (2005)
Vdestructor,Amellifera,1998?,United States,Ohio,MixteKJ,40.005018,-83.025206,Year: 1998? Ref: de Guzman et al. (1999)
Vdestructor,Amellifera,2001,Spain,Guadalajara,MixteKJ,40.63248,-3.16016,Year: 2001 Ref: Munoz et al. (2008)
Vdestructor,Amellifera,1998?,United States,Nebraska,MixteKJ,40.828769,-96.667154,Year: 1998? Ref: de Guzman et al. (1999)
Vdestructor,Amellifera,1998?,United States,Connecticut,MixteKJ,41.807453,-72.253959,Year: 1998? Ref: de Guzman et al. (1999)
Vdestructor,Amellifera,2005?,United States,Michigan,MixteKJ,42.765521,-84.504608,Year: 2005? Ref: Solignac et al. (2005)
Vdestructor,Amellifera,1998?,United States,Iowa,MixteKJ,43.369671,-92.126708,Year: 1998? Ref: de Guzman et al. (1999)
Vdestructor,Amellifera,1998?,Canada,Ontario,MixteKJ,43.945787,-78.8969,Year: 1998? Ref: de Guzman et al. (1999)
Vdestructor,Amellifera,1998?,Canada,Nova Scotia,MixteKJ,44.68198,-63.74431,Year: 1998? Ref: de Guzman et al. (1999)
Vjacobsoni,Acerana,1997,Indonesia,"Ambon, Ambon",Ambon,-3.63217,128.24983,Year: 1997 Ref: Anderson and Trueman (2000)
Vjacobsoni,Acerana,1997,Indonesia,"Ambon, Paso",Ambon,-3.62629,128.24701,Year: 1997 Ref: Anderson and Trueman (2000)
Vjacobsoni,Acerana,1998,Indonesia,"Bali, Ubud",Bali,-8.50685,115.26247,Year: 1998 Ref: Anderson and Trueman (2000)
Vjacobsoni,Acerana,1993,Malaysia ,"Borneo, Sabah",Borneo,5.95935,116.1158,Year: 1993 Ref: Anderson and Trueman (2000)
Vjacobsoni,Acerana,1998,Indonesia,"Flores, Labuhan Bajo",Flores,-8.49238,119.89017,Year: 1998 Ref: Anderson and Trueman (2000)
Vjacobsoni,Acerana,1998,Indonesia,"Timor, Loli",Java,-9.66056,124.5266,Year: 1998 Ref: Anderson and Trueman (2000)
Vjacobsoni,Acerana,1996; 1998,Indonesia,"Java, Malang",Java,-7.96662,112.63263,Year: 1996; 1998 Ref: Anderson and Trueman (2000)
Vjacobsoni,Acerana,1994,Indonesia,"Java, Yogyakarta",Java,-7.811591,110.364121,Year: 1994 Ref: Anderson and Fuchs (1998)
Vjacobsoni,Acerana,1997,Indonesia,"Java, Sukabumi",Java,-6.92387,106.93156,Year: 1997 Ref: Anderson and Fuchs (1998)
Vjacobsoni,Acerana,1991; 1995,Indonesia,"Java, Pekalongan",Java,-6.895258,109.673911,Year: 1991; 1995 Ref: Anderson and Fuchs (1998)
Vjacobsoni,Acerana,1993; 1995; 1998,Papua New Guinea,Lae,Java,-6.718396,146.997371,"Year: 1993; 1995; 1998 Ref: Anderson and Fuchs (1998), Anderson and Trueman (2000)"
Vjacobsoni,Acerana,1991; 1995; 1996; 1998,Indonesia,"Java, Parung  Panjang",Java,-6.3681,106.55338,Year: 1991; 1995; 1996; 1998 Ref: Anderson and Trueman (2000)
Vjacobsoni,Acerana,1993; 1995; 1998,Papua New Guinea,PNG + Irian Jaya (Aiyura),Java,-6.34334,145.90809,Year: 1993; 1995; 1998 Ref: Anderson and Trueman (2000)
Vjacobsoni,Acerana,1996,Papua New Guinea,Kainantu,Java,-6.286865,145.863836,Year: 1996 Ref: Anderson and Fuchs (1998)
Vjacobsoni,Acerana,1993; 1995; 1998,Papua New Guinea,PNG + Irian Jaya (Goroka),Java,-6.08347,145.38626,Year: 1993; 1995; 1998 Ref: Anderson and Trueman (2000)
Vjacobsoni,Acerana,1992; 1993; 1995; 1998,Papua New Guinea,PNG + Irian Jaya (Oksapmin),Java,-5.225908,142.229391,"Year: 1992; 1993; 1995; 1998 Ref: Anderson and Fuchs (1998), Anderson and Trueman (2000)"
Vjacobsoni,Acerana,1993; 1994,Papua New Guinea,Telefomin,Java,-5.12543,141.639362,Year: 1993; 1994 Ref: Anderson and Fuchs (1998)
Vjacobsoni,Acerana,1997,Indonesia,"Sulawesi, Ujung Pandang",Java,-5.1192,119.43461,Year: 1997 Ref: Anderson and Trueman (2000)
Vjacobsoni,Acerana,1991,Indonesia,"Irian Jaya, Wamena",Java,-4.101567,138.944257,Year: 1991 Ref: Anderson and Fuchs (1998)
Vjacobsoni,Acerana,1991; 1993; 1995; 1998,Papua New Guinea,PNG + Irian Jaya (Vanimo),Java,-2.697426,141.300805,"Year: 1991; 1993; 1995; 1998 Ref: Anderson and Fuchs (1998), Anderson and Trueman (2000)"
Vjacobsoni,Acerana,1993; 1995; 1997; 1998,Indonesia,"Irian Jaya, Koya Timur",Java,-2.690969,140.845851,"Year: 1993; 1995; 1997; 1998 Ref: Anderson and Fuchs (1998), Anderson and Trueman (2000)"
Vjacobsoni,Acerana,1995,Indonesia,"Irian Jaya, Jayapura",Java,-2.607504,140.67724,Year: 1995 Ref: Anderson and Fuchs (1998)
Vjacobsoni,Acerana,1995; 1996; 1997; 1998,Indonesia,"Yapen, Serui",Java,-1.87801,136.23666,"Year: 1995; 1996; 1997; 1998 Ref: Anderson and Fuchs (1998), Anderson and Trueman (2000)"
Vjacobsoni,Acerana,1995; 1996; 1997,Indonesia,"Irian Jaya, Biak island",Java,-1.175351,136.071908,"Year: 1995; 1996; 1997 Ref: Anderson and Fuchs (1998), Anderson and Trueman (2000)"
Vjacobsoni,Acerana,1996,Indonesia,"Sulawesi, Palu",Java,-0.8679,119.90465,Year: 1996 Ref: Anderson and Trueman (2000)
Vjacobsoni,Acerana,1998,Indonesia,"Lombok, Kuta",Lombok ,-8.88027,116.28361,Year: 1998 Ref: Anderson and Trueman (2000)
Vjacobsoni,Acerana,1998,Indonesia,"Lombok, Mataram",Lombok ,-8.57699,116.10048,Year: 1998 Ref: Anderson and Trueman (2000)
Vjacobsoni,Acerana,1995,Malaysia ,Kluang,Malaysia,2.03006,103.31846,Year: 1995 Ref: Anderson and Trueman (2000)
Vjacobsoni,Acerana,1989; 1995,Malaysia ,"UPM, Serdang",Malaysia,2.99315,101.71587,Year: 1989; 1995 Ref: Anderson and Trueman (2000)
Vjacobsoni,Acerana,2001,Thailand,"Bang Sapan, Prachup Kiri Kan",Malaysia,11.4,99.51666667,Year: 2001 Ref: Warrit et al. (2006)
Vjacobsoni,Acerana,2001,Thailand,"Ka Poe, Ranong",Malaysia,9.5833333,98.6,Year: 2001 Ref: Warrit et al. (2006)
Vjacobsoni,Acerana,2001,Thailand,"Kra Tu, Phuket Island",Malaysia,7.9,98.35,Year: 2001 Ref: Warrit et al. (2006)
Vjacobsoni,Acerana,2001,Thailand,"Krasay Sin, Songkla",Malaysia,7.58248,100.28573,Year: 2001 Ref: Warrit et al. (2006)
Vjacobsoni,Acerana,2001,Thailand,"Sawee, Chumphon",Malaysia,10.3333333,99.06666667,Year: 2001 Ref: Warrit et al. (2006)
Vjacobsoni,Acerana,2001,Thailand,"Si Kao, Trang",Malaysia,7.5166667,99.4,Year: 2001 Ref: Warrit et al. (2006)
Vjacobsoni,Acerana,2001,Thailand,"Suan Pheng, Chumphon",Malaysia,10.0166667,99.05,Year: 2001 Ref: Warrit et al. (2006)
Vjacobsoni,Acerana,2001,Thailand,"Tha Sae, Chum Phon",Malaysia,10.5666667,99.1,Year: 2001 Ref: Warrit et al. (2006)
Vjacobsoni,Acerana,2001,Thailand,"Thasala, Nakhonsri Thammarat",Malaysia,8.7666667,99.91666667,Year: 2001 Ref: Warrit et al. (2006)
Vjacobsoni,Acerana,2001,Thailand,"Tup Sa Kae, Prachup Kiri Kan",Malaysia & NorthThai 1 ,11.5166667,99.58333333,Year: 2001 Ref: Warrit et al. (2006)
Vjacobsoni,Acerana,2001,Thailand,"Amphawa, Samut Songkram",NorthThai 1 ,13.3666667,99.95,Year: 2001 Ref: Warrit et al. (2006)
Vjacobsoni,Acerana,2001,Thailand,"Ban Lard, Phet Buri",NorthThai 1 ,13.0166667,99.93333333,Year: 2001 Ref: Warrit et al. (2006)
Vjacobsoni,Acerana,2001,Thailand,"Bang Raka, Phitsanulok",NorthThai 1 ,16.7333333,100.1666667,Year: 2001 Ref: Warrit et al. (2006)
Vjacobsoni,Acerana,2001,Thailand,"Kow Sa Ming, Trat",NorthThai 1 ,12.4666667,102.5,Year: 2001 Ref: Warrit et al. (2006)
Vjacobsoni,Acerana,2001,Thailand,"Meung, Prachup Kiri Kahn",NorthThai 1 ,11.8666667,99.78333333,Year: 2001 Ref: Warrit et al. (2006)
Vjacobsoni,Acerana,2001,Thailand,"Po Thong, Ang Thong",NorthThai 1 ,14.6666667,100.4166667,Year: 2001 Ref: Warrit et al. (2006)
Vjacobsoni,Acerana,2001,Thailand,"Pran Buri, Prachup Kiri Kan",NorthThai 1 ,12.45,99.96666667,Year: 2001 Ref: Warrit et al. (2006)
Vjacobsoni,Acerana,2001,Thailand,"Sai Yok, Karnjana Buri",NorthThai 1 ,14.0333333,99.25,Year: 2001 Ref: Warrit et al. (2006)
Vjacobsoni,Acerana,2001,Thailand,"Sam Roi Yot, Prachup Kiri Kan",NorthThai 1 ,12.1666667,99.93333333,Year: 2001 Ref: Warrit et al. (2006)
Vjacobsoni,Acerana,2001,Thailand,"Chang Kein, Chiang Mai",NorthThai 2,18.8333333,98.88333333,Year: 2001 Ref: Warrit et al. (2006)
Vjacobsoni,Acerana,2001,Thailand,"Kork Pra, Nakorn Sawan",NorthThai 2,15.55,100.0666667,Year: 2001 Ref: Warrit et al. (2006)
Vjacobsoni,Acerana,2001,Thailand,"San Pa Tong, Chiang Mai",NorthThai 2,18.6,98.8,Year: 2001 Ref: Warrit et al. (2006)
Vjacobsoni,Acerana,2001,Thailand,"Thaling Ngam, Ko Samui, Surat Thani",Samui 1,9.4666667,99.95,Year: 2001 Ref: Warrit et al. (2006)
Vjacobsoni,Acerana,2001,Thailand,"Wat Lard Varnon, Ko Samui, Surat Thani",Samui 1,9.4833333,99.95,Year: 2001 Ref: Warrit et al. (2006)
Vjacobsoni,Acerana,1997,Indonesia,"Sumatra, Padang",Sumatra ,-0.85327,100.39471,Year: 1997 Ref: Anderson and Trueman (2000)
Vjacobsoni,Acerana,1997,Indonesia,"Sumatra, Medan",Sumatra ,3.59519,98.67222,Year: 1997 Ref: Anderson and Trueman (2000)
Vjacobsoni,Acerana,1998,Indonesia,"Sumbawa, Sumbawa",Sumbawa ,-8.73807,118.1171,Year: 1998 Ref: Anderson and Trueman (2000)
Vjacobsoni,Adorsata,2000,Malaysia,"Agricultural  Research  Station  at  Tenom, Sabah",Borneo 2,5.171081,115.987989,Year: 2000 Ref: Koeniger et al. (2002)
Vjacobsoni,Anigrocincta,1997,Indonesia,"Sulawesi, Ujung Pandang",Java,-5.1192,119.43461,Year: 1997 Ref: Anderson and Trueman (2000)
Vjacobsoni,Anigrocincta,1996,Indonesia,"Sulawesi, Palu",Java,-0.8679,119.90465,Year: 1996 Ref: Anderson and Trueman (2000)
Vsp.,Acerana,1996,Philippines,"Luzon, Batangas",Luzon  1 ,13.91529,121.95282,Year: 1996 Ref: Anderson and Trueman (2000)
Vsp.,Acerana,2013,Philippines,Los Banos,Luzon  1 ,14.09,121.14,Year: 2013 Ref: Beaurepaire et al. (2015)
Vsp.,Acerana,1997; 1998,Philippines,"Luzon, San Fernando, La Union",Luzon  2 ,16.75446,120.33783,Year: 1997; 1998 Ref: Anderson and Trueman (2000)
Vsp.,Acerana,1998,Philippines,"Mindanao, Davao",Mindanao ,7.45165,125.83431,Year: 1998 Ref: Anderson and Trueman (2000)
Vsp.,Acerana,1997,Sri Lanka,Horana,Sri  Lanka,6.72298,80.06466,Year: 1997 Ref: Anderson and Trueman (2000)
Vsp.,Amellifera,2013,Philippines,Los Banos,Luzon  1 ,14.09,121.14,Year: 2013 Ref: Beaurepaire et al. (2015)
